<?xml version="1.0"?>
<!DOCTYPE module PUBLIC
          "-//Puppy Crawl//DTD Check Configuration 1.3//EN"
          "http://www.puppycrawl.com/dtds/configuration_1_3.dtd">

<!--

  Checkstyle configuration for 500.112: Gateway Computing
  at Johns Hopkins University, sections taught in Java.
  Based on sun_checks.xml example from checkstyle 5.6
  Simplified for beginners, and compatible with jGrasp CSD

-->

<module name="Checker">

  <module name="GatewayCheckstyleListener">
  </module>

  <!--
        If you set the basedir property below, then all reported file
        names will be relative to the specified directory. See
        http://checkstyle.sourceforge.net/5.x/config.html#Checker

        <property name="basedir" value="${basedir}"/>
    -->

    <!-- Checks that a package-info.java file exists for each package.   -->
    <!-- See http://checkstyle.sf.net/config_javadoc.html#JavadocPackage -->
<!--    <module name="JavadocPackage"/> --> 
<!-- [phf] removed because it's useless to explain in 226 -->

    <!-- Checks whether files end with a new line.                        -->
    <!-- See http://checkstyle.sf.net/config_misc.html#NewlineAtEndOfFile -->
<!--    <module name="NewlineAtEndOfFile"/> --> 
<!-- [phf] removed because apparently it's hard to work around on Windows? -->

    <!-- Checks that property files contain the same keys.         -->
    <!-- See http://checkstyle.sf.net/config_misc.html#Translation -->
    <module name="Translation"/>
    
    <!-- Checks for Size Violations.                    -->
    <!-- See http://checkstyle.sf.net/config_sizes.html -->
    <module name="FileLength"/>
    
    <!-- Checks for whitespace                               -->
    <!-- See http://checkstyle.sf.net/config_whitespace.html -->
    <module name="FileTabCharacter"/>

    <!-- Miscellaneous other checks.                   -->
    <!-- See http://checkstyle.sf.net/config_misc.html -->
<!--    <module name="RegexpSingleline"> -->
<!--       <property name="format" value="\s+$"/>  -->
<!--       <property name="minimum" value="0"/>  -->
<!--       <property name="maximum" value="0"/> -->
<!--       <property name="message" value="Line has trailing  spaces."/>  -->
<!--    </module>  -->
<!-- [js] removed because it's really annoying  -->

    <!-- Checks for Headers                                -->
    <!-- See http://checkstyle.sf.net/config_header.html   -->
    <!-- <module name="Header"> -->
    <!--   <property name="headerFile" value="${checkstyle.header.file}"/> -->
    <!--   <property name="fileExtensions" value="java"/> -->
    <!-- </module> -->

    <module name="TreeWalker">

        <!-- Checks for Javadoc comments.                     -->
        <!-- See http://checkstyle.sf.net/config_javadoc.html -->
        <module name="JavadocMethod"/>
        <module name="JavadocType"/>
        <module name="JavadocVariable"/>
        <module name="JavadocStyle"/>


        <!-- Checks for Naming Conventions.                  -->
        <!-- See http://checkstyle.sf.net/config_naming.html -->
        <module name="ConstantName"/>
        <module name="LocalFinalVariableName"/>
        <module name="LocalVariableName"/>
        <module name="MemberName"/>
        <module name="MethodName"/>
        <module name="PackageName"/>
        <module name="ParameterName"/>
        <module name="StaticVariableName"/>
        <module name="TypeName"/>


        <!-- Checks for imports                              -->
        <!-- See http://checkstyle.sf.net/config_import.html -->
        <module name="AvoidStarImport"/>
        <module name="IllegalImport"/> <!-- defaults to sun.* packages -->
        <module name="RedundantImport"/>
        <module name="UnusedImports"/>


        <!-- Checks for Size Violations.                    -->
        <!-- See http://checkstyle.sf.net/config_sizes.html -->
        <module name="LineLength"/>
        <module name="MethodLength"/>
        <module name="ParameterNumber"/>


        <!-- Checks for whitespace                               -->
        <!-- See http://checkstyle.sf.net/config_whitespace.html -->
        <module name="EmptyForIteratorPad"/>
        <module name="GenericWhitespace"/>
        <module name="MethodParamPad"/>
        <module name="NoWhitespaceAfter">
                <property name="tokens" value="DOT, ARRAY_INIT, INC,
        DEC, UNARY_MINUS, UNARY_PLUS, DOT, ARRAY_DECLARATOR"/>
                </module>
<!-- [js] modified to allow whitespace after NOT operators -->
        <module name="NoWhitespaceBefore"/>
<!-- [js] modified to remove OperatorWrap rule -->
        <module name="ParenPad"/>
        <module name="TypecastParenPad"/>
        <module name="WhitespaceAfter"/>
        <module name="WhitespaceAround"/>


        <!-- Modifier Checks                                    -->
        <!-- See http://checkstyle.sf.net/config_modifiers.html -->
        <module name="ModifierOrder"/>
        <module name="RedundantModifier"/>


        <!-- Checks for blocks. You know, those {}'s         -->
        <!-- See http://checkstyle.sf.net/config_blocks.html -->
        <module name="AvoidNestedBlocks"/>
        <module name="EmptyBlock"/>
        <module name="LeftCurly"/>
        <module name="NeedBraces"/>
        <module name="RightCurly">
          <property name = "option" value = "alone" />
            <property  name="tokens" value="LITERAL_ELSE, METHOD_DEF"/>
          </module>
          <!-- [js] set property for jGRASP compatibility with else -->

        <!-- Checks for common coding problems               -->
        <!-- See http://checkstyle.sf.net/config_coding.html -->
<!--        <module name="AvoidInlineConditionals"/>  -->
<!-- [js] removed so beginners can learn it -->
<!--        <module name="DoubleCheckedLocking"/>  -->
<!-- [js] removed because it was causing a run-time error -->
<!--        <module name="EqualsHashCode"/> -->
<!-- [js] removed to not confuse beginners -->
        <module name="EmptyStatement"/>
        <module name="HiddenField"/>
        <module name="IllegalInstantiation"/>
        <module name="InnerAssignment"/>
<!--        <module name="MagicNumber"/> -->
<!-- [sm] removed since it was not helping beginners -->
        <module name="MissingSwitchDefault"/>
<!--        <module name="RedundantThrows"/> --> 
<!-- [phf] removed because it causes the "Unable to get class information" problem -->
        <module name="SimplifyBooleanExpression"/>
        <module name="SimplifyBooleanReturn"/>
        <module name="CovariantEquals"/> 
<!-- [phf] added to avoid accidental overloading -->
        <module name="ModifiedControlVariable"/> 
<!-- [phf] added to avoid changing for variable -->
        <module name="StringLiteralEquality"/> 
<!-- [phf] added to remind people of equals() -->
        <module name="IllegalCatch"/> 
<!-- [phf] added to avoid overly generic catch -->
        <module name="IllegalThrows"/> 
<!-- [phf] added to avoid overly generic throw -->
        <module name="DeclarationOrder"/> 
<!-- [phf] added to standardize classes -->
        <module name="DefaultComesLast"/> 
<!-- [phf] added to standardize switch -->
        <module name="RequireThis"/> 
<!-- [phf] added to emphasize non-local data -->

        <!-- Checks for class design                         -->
        <!-- See http://checkstyle.sf.net/config_design.html -->
<!--        <module name="DesignForExtension"/> --> 
<!-- [phf] removed because it's a dubious convention and hard to explain -->
        <module name="FinalClass"/> 
<!--        <module name="HideUtilityClassConstructor"/> -->
<!-- [js] removed for beginners -->
        <module name="InterfaceIsType"/>
<!--        <module name="VisibilityModifier"/> --> 
<!-- [phf] removed because it's too restrictive for nested classes -->


        <!-- Miscellaneous other checks.                   -->
        <!-- See http://checkstyle.sf.net/config_misc.html -->
        <module name="ArrayTypeStyle"/>
<!--        <module name="FinalParameters"/> --> 
<!-- [phf] removed because somewhat ruins pass-by-value -->
        <module name="TodoComment"/>
        <module name="UpperEll"/>

<!-- [phf] added to enforce consistent indentation -->
        <module name="Indentation">
          <property name="basicOffset" value="3"/>
          <property name="caseIndent" value="3"/>
          <property name="throwsIndent" value="3"/>
          <property name="arrayInitIndent" value="3"/>
          <property name="lineWrappingIndentation" value="3"/>
        </module> 
<!-- [js] changed values for beginners to be consistent with jGRASP CSD -->

        <!-- [phf] various additions -->
        <module name="CyclomaticComplexity">
          <property name="max" value="15"/>
                </module> 
<!-- [phf] added to keep methods managable, [js] increased from 10 to 15 -->

    </module>

</module>
